t,id,FDI,schooling,population,gdpgrowth,patent,developed,initial,investment,trade,exports,gspending,inflation,fd
2002,1,2.1989582,9.2,17.444687,-11.854776,718.0,0,8.958815,11.960649,41.752724,28.382597,12.235248,30.555204,30.000002
2003,1,1.2948109,9.3,17.455406,7.6765456,792.0,0,8.83263,15.137507,40.64475,25.930943,11.438057,10.495703,29.0
2004,1,2.5050175,9.2,17.46596,7.884938,786.0,0,8.906592,15.893787,40.692646,23.84762,11.114636,18.363354,32.0
2005,1,2.6493545,9.1,17.476322,7.729475,1054.0,0,8.982488,17.351147,40.55127,23.245876,12.141861,10.317512,35.0
2006,1,2.3810685,9.0,17.486477,6.9555473,1020.0,0,9.05694,18.331186,40.43348,23.026695,12.429416,13.741053,37.0
2007,1,2.2512941,8.9,17.496466,7.924238,937.0,0,9.124184,19.516079,40.94517,22.66275,12.989324,14.939925,38.0
2008,1,2.6899009,8.9,17.506392,3.0294774,801.0,0,9.200442,19.01016,40.40267,22.0609,13.633513,23.171165,36.0
2009,1,1.2064393,9.3,17.516388,-6.8542275,640.0,0,9.230288,15.581753,34.057125,19.560986,15.903896,15.377649,35.0
2010,1,2.6751616,9.8,17.52391,9.300128,552.0,0,9.159284,16.641466,34.971012,18.933823,15.163718,20.915125,30.000002
2011,1,2.04464,9.8,17.53544,4.788683,688.0,0,9.248211,17.248285,35.206154,18.44921,15.688956,23.703472,31.0
2012,1,2.8066719,9.8,17.54681,-2.1452844,735.0,0,9.294986,15.857526,30.526543,16.23786,16.645437,22.31488,31.0
2013,1,1.7792056,9.8,17.558,1.2656852,643.0,0,9.2733,16.28951,29.33393,14.617173,16.806238,23.9488,32.0
2014,1,0.96240664,9.8,17.568995,-3.5785806,509.0,0,9.285877,15.979954,28.406794,14.4054785,16.949875,40.28297,32.0
2015,1,1.9771346,9.8,17.579775,1.6296643,546.0,0,9.249435,15.564745,22.486227,10.705652,18.09838,26.579992,32.0
2016,1,0.58474994,9.9,17.590347,-3.1100638,884.0,0,9.265601,14.272363,26.093887,12.527095,17.654577,41.11938,34.0
2017,1,1.7919613,9.9,17.600718,1.6092824,393.0,0,9.234006,15.045281,25.223331,11.242722,17.666094,26.007483,34.0
2002,2,3.713762,11.8,16.79366,2.7396894,2364.0,1,10.705157,24.36583,41.557278,20.774593,17.544247,2.8603942,88.0
2003,2,1.9261471,11.8,16.806,1.7229064,2418.0,1,10.732185,26.120155,40.296146,19.095085,17.595385,3.1135745,88.0
2004,2,7.005444,11.8,16.817593,2.8561478,2559.0,1,10.749268,26.724922,37.120735,17.203285,17.495375,3.311041,88.0
2005,2,-3.6188147,11.7,16.830791,1.8510313,2555.0,1,10.777429,27.100918,39.271183,18.265102,17.561588,3.797194,89.0
2006,2,4.095024,11.9,16.845543,1.2892597,2837.0,1,10.79577,27.877121,41.60423,19.89392,17.479803,5.0923066,91.0
2007,2,5.2092495,12.0,16.85179,3.1976385,2718.0,1,10.80858,27.4595,42.05144,20.20361,17.343937,5.0116315,95.0
2008,2,4.2846503,12.3,16.87183,1.6012622,2821.0,1,10.840056,28.267164,42.87033,20.161673,17.242653,4.525578,88.0
2009,2,3.0915182,12.3,16.89244,-0.14254124,2494.0,1,10.855942,27.630234,45.797905,23.004812,17.591547,5.001878,90.0
2010,2,3.0721188,12.4,16.907995,0.49210095,2409.0,1,10.854515,27.094913,40.649673,19.810007,17.999002,1.1672335,92.0
2011,2,4.6937237,12.5,16.92189,1.0488838,2383.0,1,10.859425,26.055927,41.906734,21.436417,17.81075,6.2527294,94.0
2012,2,3.7221718,12.6,16.939348,2.1196826,2627.0,1,10.869859,27.429644,43.210346,21.48083,17.986233,1.8565279,89.0
2013,2,3.4258237,12.6,16.95656,0.83434194,3061.0,1,10.890834,27.858755,41.20843,19.956167,17.84038,-0.12417731,88.0
2014,2,4.306384,12.7,16.971476,1.015115,1988.0,1,10.899142,26.884325,42.50649,21.039455,17.697384,1.4795723,88.0
2015,2,3.4691882,12.8,16.985868,0.73239976,2291.0,1,10.909243,26.204466,41.494373,19.984846,18.060741,-0.5496522,89.0
2016,2,3.5555127,12.9,17.001488,1.1779114,2620.0,1,10.91654,25.303453,40.77764,19.251057,18.656855,-0.5330047,89.0
2017,2,3.574156,12.9,17.018333,0.65765387,2503.0,1,10.92825,23.955519,41.77,21.193201,18.600588,3.7407296,87.0
2002,3,7.0458503,10.3,16.150833,1.2519891,601.0,1,10.593793,20.696424,136.08514,70.8313,22.138882,1.6400032,51.0
2003,3,10.888865,10.4,16.15502,0.6158504,519.0,1,10.6062355,20.494188,132.71555,69.03651,22.484373,1.8501184,51.0
2004,3,12.074274,10.5,16.159348,3.1239176,514.0,1,10.612375,21.461851,136.91841,70.90628,22.197212,1.9150022,55.0
2005,3,8.7304325,10.7,16.164846,1.760456,517.0,1,10.643136,22.153894,144.52905,74.28283,22.093998,2.0830739,57.0
2006,3,14.419943,11.1,16.171442,1.878187,490.0,1,10.660587,22.32544,149.5675,76.805,21.93879,2.2647033,60.000004
2007,3,20.528738,11.1,16.178785,2.9183753,454.0,1,10.679195,23.293015,152.46844,78.3018,21.615894,1.9316846,65.0
2008,3,36.95325,11.0,16.186686,-0.34346482,575.0,1,10.707961,24.118141,161.08846,80.88062,22.666145,1.9088578,66.0
2009,3,16.070461,11.1,16.194733,-2.8059037,669.0,1,10.70452,22.784502,135.40604,68.83401,24.191914,0.5331617,58.999996
2010,3,26.092415,11.1,16.203869,1.9287568,620.0,1,10.676061,22.123087,149.99768,75.85007,23.732687,1.8920852,57.0
2011,3,31.306952,11.2,16.216879,0.38001832,636.0,1,10.695165,23.010374,161.49373,80.697365,24.049427,1.807316,57.0
2012,3,2.3802335,11.2,16.22308,0.11641512,755.0,1,10.698957,22.961887,160.74603,80.40449,24.303352,1.9611065,56.0
2013,3,-5.682227,11.4,16.227793,-0.013162462,715.0,1,10.700121,22.173004,157.85085,79.32435,24.312767,1.2712724,58.0
2014,3,-2.8439302,11.5,16.232233,1.1285858,889.0,1,10.699989,22.805843,158.78322,79.80101,24.233896,0.9826554,56.0
2015,3,-4.2224946,11.7,16.238028,1.4432734,949.0,1,10.711212,22.96342,154.19255,77.80528,23.615088,1.3389965,60.000004
2016,3,12.086446,11.8,16.24309,0.99845415,1054.0,1,10.725541,23.213354,157.55995,79.376686,23.24133,1.7432462,57.0
2017,3,-7.185446,11.8,16.246943,1.5721537,1001.0,1,10.7354765,23.113892,163.22919,82.31145,23.069355,1.7181005,58.0
2002,4,3.2653198,6.0,19.005896,1.7094744,3481.0,0,9.082999,17.92625,27.618357,14.23059,19.809662,9.798112,41.0
2003,4,1.8131206,6.2,19.018469,-0.122936495,3866.0,0,9.099949,16.60476,28.140385,15.180783,19.077478,14.091022,43.0
2004,4,2.716381,6.2,19.030481,4.497077,4044.0,0,9.098719,17.320232,29.678253,16.545761,18.467585,7.752061,45.0
2005,4,1.7339007,6.3,19.04194,2.0263073,4054.0,0,9.142708,17.056183,27.086796,15.24383,18.890001,7.4312253,48.0
2006,4,1.7494934,6.4,19.052843,2.834754,3956.0,0,9.162768,17.2103,26.0417,14.374316,19.038918,6.774274,51.0
2007,4,3.1908948,6.5,19.063221,4.9747047,4194.0,0,9.1907215,17.995762,25.292612,13.327675,18.942987,6.4390383,57.0
2008,4,2.9906633,6.7,19.073164,4.0544095,4280.0,0,9.239271,19.38533,27.25757,13.534,18.839394,8.778553,60.000004
2009,4,1.8884559,6.8,19.082783,-1.0819439,4271.0,0,9.279015,19.101957,22.105976,10.851371,19.650639,7.3134828,57.0
2010,4,3.7299557,6.9,19.092163,6.5243726,4228.0,0,9.268136,20.534674,22.772179,10.865584,19.016857,8.423338,58.0
2011,4,3.9151132,7.1,19.101322,3.0264068,4695.0,0,9.33134,20.608969,23.93441,11.582516,18.669262,8.318565,58.0
2012,4,3.755022,7.3,19.110258,1.0145098,4798.0,0,9.361155,20.716713,25.114294,11.87756,18.530104,7.9431787,58.999996
2013,4,3.0415251,7.4,19.118994,2.1089118,4959.0,0,9.371249,20.911922,25.785976,11.74223,18.89246,7.50454,58.999996
2014,4,3.5714252,7.4,19.127552,-0.35247922,4659.0,0,9.392118,19.87303,24.685406,11.011943,19.15354,7.8467097,60.000004
2015,4,3.5921447,7.6,19.13594,-4.351484,4641.0,0,9.388588,17.835823,26.953642,12.900191,19.776836,7.566175,62.0
2016,4,4.136037,7.8,19.144178,-4.069407,5200.0,0,9.344098,15.524327,24.533697,12.466679,20.379297,8.103604,58.0
2017,4,3.354365,7.8,19.15225,0.50833607,5480.0,0,9.302552,14.563764,24.327713,12.523075,20.16852,3.6373808,58.999996
2002,5,3.2306094,11.5,17.261045,2.3035772,3959.0,1,10.58311,20.046038,75.976585,40.201286,19.84914,0.84077656,73.0
2003,5,0.7857386,11.7,17.27006,2.8795698,3929.0,1,10.605885,20.083227,70.087265,36.996456,19.966616,1.2580276,74.0
2004,5,0.1419489,12.0,17.27939,2.9489982,5231.0,1,10.634274,20.945868,70.432076,37.45522,19.483782,2.4571187,76.0
2005,5,2.1851501,12.2,17.288836,4.0088778,5183.0,1,10.663337,21.90747,69.98288,36.974922,19.137094,1.3840872,79.0
2006,5,4.8883657,12.3,17.298939,3.118693,5522.0,1,10.702643,22.952177,68.25132,35.506065,19.305096,1.0940077,81.0
2007,5,8.222073,12.4,17.30865,5.8357935,4998.0,1,10.733354,23.400223,66.457306,34.31935,19.301037,-1.3274504,83.0
2008,5,4.5263834,12.4,17.319479,-0.08029486,5061.0,1,10.790072,23.527472,67.190544,34.480675,19.768555,3.9974988,84.0
2009,5,1.5279907,12.5,17.330896,-4.03042,5067.0,1,10.7892685,22.363457,58.622463,28.588045,22.020206,-2.3155727,88.0
2010,5,1.8415838,12.6,17.342014,1.9496282,4550.0,1,10.74813,23.516499,60.349937,29.236084,21.526041,2.8680942,83.0
2011,5,2.142835,12.7,17.3518,2.142309,4754.0,1,10.767439,23.565502,62.644962,30.750168,21.195341,3.236382,87.0
2012,5,2.7066824,12.8,17.36266,0.6633031,4709.0,1,10.788635,24.553272,62.746544,30.426243,21.10864,1.2045357,87.0
2013,5,3.638827,12.9,17.373226,1.254655,4567.0,1,10.795246,24.247337,62.385773,30.40734,20.755802,1.7289277,87.0
2014,5,3.5623267,13.0,17.38328,1.8394599,4198.0,1,10.807715,24.447136,64.53125,31.811796,20.314594,1.9579363,87.0
2015,5,3.862851,13.1,17.390743,-0.058784638,4277.0,1,10.825942,23.90601,66.318665,31.923979,20.926344,-0.9024047,87.0
2016,5,2.2402403,13.1,17.402065,-0.031327847,4078.0,1,10.825355,22.791607,65.41888,31.529175,21.065815,0.79748106,87.0
2017,5,1.7675866,13.3,17.413925,1.7560278,4053.0,1,10.825041,22.772099,65.14263,31.46312,20.77863,2.5633578,86.0
2002,6,3.656495,9.2,16.568178,2.0006177,391.0,0,9.1718235,21.345753,63.393726,32.803932,12.219727,3.392073,41.0
2003,6,5.322995,9.4,16.578657,3.0058303,329.0,0,9.191632,21.204151,66.316284,35.659046,11.719735,4.5788574,46.0
2004,6,6.8513513,9.6,16.589035,6.1028395,382.0,0,9.221248,20.26897,69.733665,39.802372,10.961714,7.849482,48.0
2005,6,6.068571,9.5,16.599455,4.646701,361.0,0,9.280486,22.152681,71.61676,40.159817,10.576583,7.6428885,50.0
2006,6,4.901019,9.5,16.610014,5.2004514,291.0,0,9.325906,19.857077,73.09865,43.795105,9.92531,12.162208,49.0
2007,6,7.761692,9.4,16.620699,3.7903395,403.0,0,9.376603,20.724087,76.40742,45.069004,10.25272,5.338019,52.999996
2008,6,10.283487,9.9,16.631414,2.4261973,531.0,0,9.413806,25.544502,80.78977,41.424168,11.071389,-0.053439047,52.0
2009,6,8.037106,9.9,16.642006,-2.6014469,343.0,0,9.437778,22.461205,66.337204,37.040775,12.416884,4.654765,52.999996
2010,6,7.330403,9.8,16.652395,4.7502236,328.0,0,9.41142,21.554817,69.06371,37.745113,12.108741,8.962294,51.0
2011,6,9.573601,9.8,16.66237,5.057788,339.0,0,9.457828,23.1197,72.205666,37.76196,11.913487,3.112907,52.999996
2012,6,11.340331,9.9,16.672,4.3092175,336.0,0,9.507169,24.875736,68.27184,34.12186,11.92486,1.1301609,49.0
2013,6,7.4806166,9.9,16.68179,3.0315259,340.0,0,9.549357,24.804323,64.97348,32.199474,12.30082,1.9766452,51.0
2014,6,9.11035,10.1,16.6924,0.6925564,452.0,0,9.579223,23.852505,65.27259,33.11075,12.700983,5.906349,50.0
2015,6,8.632215,10.3,16.704178,1.1059444,443.0,0,9.586124,23.775297,58.972275,29.376348,12.993893,4.953538,47.0
2016,6,4.847694,10.3,16.71743,0.3320887,386.0,0,9.597123,22.744303,55.710346,28.159903,13.785337,4.46974,47.0
2017,6,2.1070235,10.3,16.731682,-0.15399545,425.0,0,9.600438,21.082855,55.67083,28.525871,14.009271,4.995392,50.0
2002,7,3.6090999,6.6,20.970438,8.401915,39806.0,0,7.5503497,35.982464,42.747402,22.644745,15.603177,0.60485065,36.0
2003,7,3.4874034,6.7,20.976667,9.352365,56769.0,0,7.6310253,39.269104,51.80399,26.980757,14.676877,2.605441,40.0
2004,7,3.4836411,6.8,20.982607,9.459175,65786.0,0,7.7204304,40.576958,59.505524,31.061338,13.90202,6.954322,44.0
2005,7,4.554254,6.9,20.988487,10.742553,93485.0,0,7.810812,40.47088,62.207893,33.829857,13.995045,3.9026399,44.0
2006,7,4.5085793,6.9,20.994072,12.091836,122318.0,0,7.91285,39.74842,64.47888,36.035027,13.949006,3.9279108,49.0
2007,7,4.400965,7.0,20.999294,13.636345,153060.0,0,8.0269985,38.894917,62.19337,35.434803,13.490259,7.74918,54.000004
2008,7,3.733635,7.0,21.004417,9.093872,194579.0,0,8.154832,40.095245,57.612717,32.602715,13.19616,7.791802,50.0
2009,7,2.5688887,7.1,21.009392,8.85703,229096.0,0,8.24187,44.971752,45.184875,24.749859,13.218093,-0.2105339,54.000004
2010,7,4.0035625,7.3,21.014221,10.103101,293066.0,0,8.3267355,45.09066,50.71707,27.18533,12.845916,6.881145,54.000004
2011,7,3.7088287,7.4,21.019012,9.027256,415829.0,0,8.422982,45.020054,50.740902,26.568188,13.216802,8.075597,54.000004
2012,7,2.8270903,7.5,21.023886,7.33538,535313.0,0,8.50941,45.41586,48.267517,25.49252,13.475446,2.3351207,56.0
2013,7,3.0398755,7.5,21.028822,7.2378626,704936.0,0,8.580198,45.689877,46.744377,24.599257,13.588584,2.161019,57.0
2014,7,2.5683424,7.6,21.033886,6.7576222,801135.0,0,8.650077,45.23029,45.06505,23.59374,13.375251,0.791193,60.000004
2015,7,2.201338,7.7,21.038967,6.363469,968252.0,0,8.715468,43.95133,39.629005,21.443274,14.036066,0.062699385,63.0
2016,7,1.5689571,7.8,21.044382,6.160281,1204981.0,0,8.77716,42.98074,37.210197,19.752005,14.386256,1.0727563,65.0
2017,7,1.3676771,7.8,21.049973,6.161772,1245709.0,0,8.83694,42.566795,38.14969,19.962957,14.521764,3.8841698,64.0
2002,8,3.449839,10.1,17.939499,0.4027099,13519.0,1,10.565817,20.95339,53.072025,27.53105,22.72115,2.0674257,72.0
2003,8,2.3010726,10.2,17.946587,0.11107373,13511.0,1,10.569836,21.034842,50.797832,26.111969,23.143427,1.8593682,71.0
2004,8,1.6830279,10.3,17.95395,2.0753841,14230.0,1,10.570946,21.364609,51.925007,26.468836,23.044697,1.6226754,73.0
2005,8,3.8766928,10.4,17.961489,0.89976287,14327.0,1,10.591487,21.797436,53.980705,27.03305,23.06704,1.9363414,72.0
2006,8,3.4053855,10.6,17.96846,1.737524,14529.0,1,10.600445,22.450708,56.103424,27.935055,22.75918,2.1553273,83.0
2007,8,3.1528368,10.7,17.974648,1.7929934,14722.0,1,10.617671,23.182665,56.420757,27.853258,22.43314,2.556637,82.0
2008,8,2.3299701,10.7,17.980236,-0.30377054,14658.0,1,10.635442,23.59605,57.397083,28.119385,22.562563,2.3670738,81.0
2009,8,0.68481064,10.8,17.98538,-3.3717372,14100.0,1,10.6324,22.067503,50.462452,24.835546,24.080805,0.0666275,76.0
2010,8,1.4716302,10.9,17.99032,1.4470129,14748.0,1,10.598101,22.10542,54.86779,26.7883,23.989256,1.0696975,78.0
2011,8,1.5448971,10.9,17.995157,1.6996301,14655.0,1,10.612467,22.42387,58.790577,28.421337,23.744528,0.9479602,80.0
2012,8,1.2275264,11.0,17.999998,-0.17121288,14540.0,1,10.62932,22.458115,59.70206,29.203028,23.9505,1.1618251,76.0
2013,8,1.1237428,11.2,18.005146,0.059905734,14690.0,1,10.627607,22.041868,59.764053,29.364738,24.111689,0.77810055,75.0
2014,8,0.20352527,11.4,18.009943,0.47908062,14500.0,1,10.628206,21.819735,60.478798,29.666685,24.125893,0.57694423,76.0
2015,8,1.7564299,11.5,18.014116,0.7540243,14306.0,1,10.632985,21.499277,61.751694,30.592623,23.807878,1.1382488,77.0
2016,8,1.3273928,11.5,18.018108,0.83336055,14206.0,1,10.640497,21.815302,61.100143,30.247538,23.73238,0.52255934,77.0
2017,8,1.4522513,11.5,18.018188,2.0401475,14415.0,1,10.648796,22.479818,62.698063,30.819895,23.684492,0.45688707,77.0
2002,9,2.4783726,12.1,18.228168,-0.36611274,47598.0,1,10.558663,20.121786,60.93489,32.59258,19.231571,1.3786187,74.0
2003,9,2.620118,12.5,18.228724,-0.76848656,47818.0,1,10.554996,19.523325,61.84932,32.811714,19.325638,1.3349453,76.0
2004,9,-0.72648823,12.9,18.228506,1.2118853,48448.0,1,10.54728,19.091013,66.2262,35.713364,18.81738,1.10078,77.0
2005,9,2.102577,13.3,18.227938,0.7790581,48367.0,1,10.559326,19.076698,70.91872,38.059574,18.77591,0.41502976,77.0
2006,9,2.9224067,13.6,18.22681,3.931754,48012.0,1,10.567087,19.8029,77.44973,41.432907,18.32777,0.39907414,80.0
2007,9,1.4862256,13.7,18.225473,3.1218781,47853.0,1,10.605651,20.05653,79.87442,43.322758,17.855055,1.7627409,79.0
2008,9,0.82987946,13.7,18.223572,1.1544216,49240.0,1,10.636393,20.302965,81.5248,43.79919,18.25556,0.9069444,75.0
2009,9,1.6687876,13.8,18.221037,-5.457901,47859.0,1,10.647871,19.26754,71.228714,38.119907,19.9917,1.845472,77.0
2010,9,2.5332313,13.8,18.219505,4.3386917,47047.0,1,10.591745,19.542505,79.86862,42.56547,19.563211,0.6461582,75.0
2011,9,2.6048281,13.9,18.200968,5.8685565,46986.0,1,10.634218,20.370848,85.20612,45.057137,19.06993,1.070514,73.0
2012,9,1.8553073,14.0,18.202847,0.2312125,46620.0,1,10.691246,20.321093,86.51405,46.30712,19.276876,1.495424,73.0
2013,9,1.8056457,14.0,18.205574,0.154548,47353.0,1,10.693556,19.90147,85.07888,45.41868,19.630924,1.9688822,71.0
2014,9,0.50925493,14.0,18.209743,1.80042,48154.0,1,10.6951,20.040274,84.620094,45.619263,19.589025,1.8618494,71.0
2015,9,1.8592532,14.1,18.218401,0.86278754,47384.0,1,10.712944,19.997591,86.13514,46.848587,19.560207,1.7361919,73.0
2016,9,1.8064479,14.1,18.226473,1.4081022,48480.0,1,10.721535,20.30634,84.68316,46.023197,19.78284,1.1770068,70.0
2017,9,2.2819052,14.1,18.23021,2.0828078,47785.0,1,10.7355175,20.520525,87.6934,47.397434,19.856518,1.0473298,69.0
2002,10,4.056439,9.5,15.724178,1.2074565,112.0,0,10.042166,22.744675,255.99646,132.07677,10.635523,-3.4018354,71.0
2003,10,11.505042,9.8,15.722204,3.2599735,107.0,0,10.054169,21.654629,292.45465,150.77599,10.99311,-6.007746,73.0
2004,10,13.124937,10.2,15.730003,7.8556666,127.0,0,10.086248,21.820131,326.84106,167.7759,10.35378,-3.5909188,76.0
2005,10,22.560505,10.5,15.734372,6.920118,156.0,0,10.161872,21.396973,342.6892,177.45291,9.246065,-0.1501427,73.0
2006,10,23.200714,11.0,15.740795,6.3473287,172.0,0,10.228784,22.426765,359.20865,185.18517,8.769542,-0.534764,73.0
2007,10,29.358116,10.9,15.749392,5.553444,160.0,0,10.290324,20.618189,362.14948,186.41241,8.4183855,3.1375346,75.0
2008,10,30.570633,11.3,15.755374,1.5187639,173.0,0,10.344371,20.544579,376.6568,193.41518,8.668704,1.2814901,80.0
2009,10,25.35698,11.4,15.757527,-2.6689067,149.0,0,10.359445,20.464247,348.39755,178.13506,9.19165,-0.37548,74.0
2010,10,36.174763,11.5,15.764872,5.986312,133.0,0,10.332393,21.778135,404.77057,205.3226,8.8593235,0.27073112,74.0
2011,10,38.68403,11.4,15.771597,4.112137,181.0,0,10.3905325,23.536339,421.8547,212.85242,8.711455,3.8978834,76.0
2012,10,28.514372,11.6,15.782637,0.5837314,171.0,0,10.430831,25.399902,430.56854,215.84956,9.096938,3.5448296,72.0
2013,10,27.87752,11.6,15.786656,2.6879404,226.0,0,10.436651,24.108627,442.62003,221.61006,9.286421,1.8124323,73.0
2014,10,44.550793,11.9,15.79368,2.043152,192.0,0,10.463176,23.491806,425.97586,213.09041,9.478563,2.850291,73.0
2015,10,58.51875,12.0,15.802193,1.5199469,239.0,0,10.483401,22.399595,389.40594,195.8976,9.642869,3.6435783,77.0
2016,10,41.531788,12.0,15.808386,1.5455079,233.0,0,10.4984865,21.489294,371.7316,187.0109,9.956288,1.6380847,73.0
2017,10,36.79294,12.0,15.815868,3.0753667,324.0,0,10.5138235,21.630735,376.38528,188.73528,9.819381,2.951598,75.0
2002,11,1.0115718,4.6,20.812483,2.0648751,2693.0,0,6.7471366,28.332525,29.508663,14.264384,11.3140955,3.7156837,40.0
2003,11,0.60588926,4.7,20.828997,6.0937057,3425.0,0,6.767575,28.334826,30.592436,14.947914,10.87621,3.867798,42.0
2004,11,0.7656014,4.7,20.84515,6.1936536,4014.0,0,6.8267274,30.708141,37.503815,17.859125,10.404702,5.7254133,43.0
2005,11,0.8861007,4.8,20.860947,6.2319484,4721.0,0,6.8868217,32.755337,42.00167,19.605247,10.36614,5.6219034,42.0
2006,11,2.1301684,4.9,20.876404,6.4032845,5686.0,0,6.947276,33.584892,45.72448,21.26794,9.80247,8.400938,43.0
2007,11,2.0733957,5.0,20.891497,6.048174,6296.0,0,7.0093427,35.812878,45.686268,20.7997,9.862116,6.9444184,42.0
2008,11,3.6205218,5.2,20.906145,1.5875981,6425.0,0,7.0680656,34.71796,53.36822,24.097357,10.538481,9.19397,46.0
2009,11,2.6515932,5.3,20.920252,6.3510885,7262.0,0,7.083817,33.951626,46.27287,20.400518,11.459667,7.040365,47.0
2010,11,1.6350343,5.4,20.933754,7.042347,8853.0,0,7.1453924,33.230015,49.255207,22.400932,11.007607,10.526031,45.0
2011,11,2.002065,5.4,20.94664,3.8939304,8841.0,0,7.213447,34.313408,55.623867,24.540405,11.084457,8.733578,41.0
2012,11,1.3129343,5.6,20.958956,4.1654997,9553.0,0,7.2516475,33.436935,55.79372,24.534431,10.683856,7.9343886,39.0
2013,11,1.516276,5.8,20.970787,5.134957,10669.0,0,7.292458,31.295805,53.84413,25.43086,10.29516,6.186504,39.0
2014,11,1.6956588,6.1,20.982243,6.186732,12040.0,0,7.3425326,30.080236,48.922184,22.967962,10.440857,3.3317568,41.0
2015,11,2.0921156,6.3,20.99341,6.79704,12579.0,0,7.4025617,28.733145,41.922913,19.813189,10.42829,2.2795882,41.0
2016,11,1.9410561,6.4,21.004309,6.9970093,13199.0,0,7.468322,28.218365,40.15889,19.194754,10.30642,3.1242275,41.0
2017,11,1.506879,6.4,21.014935,6.0351543,14961.0,0,7.5359526,28.644703,40.76668,18.780613,11.030201,3.8355048,42.0
2002,12,0.074151635,7.0,19.197056,3.0906336,234.0,0,7.692375,19.429165,59.07946,32.687622,7.257458,5.896052,31.0
2003,12,-0.2542563,7.2,19.210545,3.3765361,201.0,0,7.7228136,19.50606,53.616493,30.477655,8.129486,5.487429,28.0
2004,12,0.738244,7.3,19.223963,3.6309023,227.0,0,7.7560215,22.448616,59.761295,32.216694,8.321868,8.550727,29.0
2005,12,2.9161148,7.4,19.237326,4.289595,235.0,0,7.791687,23.640512,63.987934,34.06727,8.109508,14.331787,30.000002
2006,12,1.3479426,7.9,19.250622,4.1075153,288.0,0,7.8336883,24.130991,56.657127,31.034716,8.627169,14.087424,30.000002
2007,12,1.6030105,7.1,19.26386,4.9464655,284.0,0,7.8739424,24.946943,54.82925,29.435719,8.34647,11.258578,33.0
2008,12,1.826329,7.1,19.277094,4.6200333,386.0,0,7.9222226,27.698591,58.5614,29.808285,8.423781,18.149752,37.0
2009,12,0.9039194,7.4,19.290386,3.2473273,415.0,0,7.967387,31.114767,45.512123,24.15912,9.589178,8.274753,32.0
2010,12,2.0251791,7.4,19.303762,4.8122816,508.0,0,7.9993443,30.999409,46.701275,24.29903,9.005915,15.264294,29.0
2011,12,2.3029842,7.6,19.317244,4.7482204,533.0,0,8.046346,31.307453,50.18001,26.327353,9.058677,7.465943,32.0
2012,12,2.3097804,7.6,19.330761,4.606284,,0,8.092734,32.719627,49.582897,24.59438,9.248789,3.7538788,33.0
2013,12,2.5513563,7.8,19.344172,4.1512713,663.0,0,8.137768,31.96578,48.63737,23.923576,9.51772,4.96599,35.0
2014,12,2.8199725,7.8,19.35728,3.6391432,702.0,0,8.178442,32.516743,48.080177,23.665985,9.425026,5.4431744,36.0
2015,12,2.2976165,7.9,19.369955,3.5554395,1058.0,0,8.214188,32.811928,41.93764,21.16018,9.7494135,3.9802427,36.0
2016,12,0.48737246,8.0,19.382153,3.7596939,1101.0,0,8.249125,32.577732,37.42134,19.088993,9.52781,2.438924,37.0
2017,12,2.0198777,8.0,19.393904,3.8399825,2271.0,0,8.286032,32.166824,39.362747,20.188559,9.086148,4.274986,37.0
2002,13,22.91819,11.2,15.184646,4.1498647,,1,10.729757,23.599743,163.76555,90.475,15.789257,5.2494574,68.0
2003,13,13.866961,11.4,15.200934,1.3554184,,1,10.770418,24.9146,146.55226,80.85204,16.037529,3.9201398,72.0
2004,13,-5.4714885,11.6,15.219218,4.787881,,1,10.783881,26.970358,146.69688,80.53562,16.14087,0.5174931,75.0
2005,13,22.20716,11.7,15.241005,3.4221036,,1,10.830648,29.84992,148.27988,79.583664,16.031393,3.1162744,76.0
2006,13,9.509538,11.8,15.267965,2.276028,,1,10.864297,30.973713,149.95897,79.00157,16.226006,3.4542181,78.0
2007,13,22.204805,11.9,15.296875,2.3229768,,1,10.886803,28.68777,153.29367,80.78242,16.87343,1.2105918,79.0
2008,13,8.467052,12.0,15.317262,-6.408033,,1,10.909766,24.777811,159.62515,84.114975,18.791311,-0.31724694,79.0
2009,13,22.83985,12.1,15.327418,-6.0384088,,1,10.843541,21.09086,172.99873,93.23671,20.136673,-4.562212,77.0
2010,13,16.992422,12.2,15.332868,1.2567416,,1,10.781257,17.541334,189.4217,103.01929,18.788427,-3.1453156,76.0
2011,13,9.979836,10.9,15.337228,-0.09317662,,1,10.793746,16.601725,188.75577,103.79102,18.33775,1.4964391,68.0
2012,13,18.19817,11.3,15.341465,-0.19808686,,1,10.792813,19.608236,191.53702,104.509636,17.67936,2.2796724,71.0
2013,13,20.946487,11.8,15.346731,0.8193633,,1,10.790831,18.558449,188.52159,103.66415,16.947128,1.227543,74.0
2014,13,33.584293,12.3,15.354041,7.7660303,,1,10.798991,20.638655,201.99034,110.0255,16.048687,-0.11080371,71.0
2015,13,80.79114,12.3,15.363489,23.98551,,1,10.873783,24.059168,215.13664,121.96504,12.250138,7.789561,69.0
2016,13,26.35068,12.5,15.374778,2.5140462,79.0,1,11.088778,35.631554,226.04138,120.81531,12.31425,-0.29957032,68.0
2017,13,17.411854,12.5,15.385664,6.9743304,62.0,1,11.113607,31.38697,219.99835,121.04259,11.983368,1.1292161,69.0
2002,14,1.356669,8.8,17.859596,0.104759514,,1,10.519142,21.3634,48.057926,24.407467,18.546,3.2743418,74.0
2003,14,1.2433974,8.9,17.864042,-0.3055088,,1,10.520189,20.875315,46.148846,23.302193,18.975428,3.1478078,75.0
2004,14,1.1147095,9.1,17.870514,0.7693177,,1,10.51713,20.964127,47.430332,24.009829,19.159359,2.6701837,75.0
2005,14,1.9790897,9.2,17.875427,0.32365623,,1,10.524794,21.281654,49.30101,24.601093,19.614494,2.010558,76.0
2006,14,2.9259667,9.3,17.878433,1.4851574,,1,10.528025,21.580372,53.16818,26.173489,19.483774,2.1248538,78.0
2007,14,2.9849231,9.4,17.883482,0.9759221,9255.0,1,10.542768,21.660557,55.061455,27.361042,19.027645,2.4789948,79.0
2008,14,-0.39608783,9.5,17.890106,-1.6159406,8588.0,1,10.552479,21.27788,54.492874,26.862774,19.559938,2.4007034,77.0
2009,14,0.7578897,9.6,17.894663,-5.7115083,8814.0,1,10.536188,20.110516,45.418762,22.399162,20.678637,1.678839,79.0
2010,14,0.46534294,9.7,17.89774,1.4009154,8877.0,1,10.477377,20.024223,52.006187,25.074049,20.552984,0.43636054,76.0
2011,14,1.5037354,9.8,17.899458,0.53428745,8794.0,1,10.491289,19.713871,55.145523,26.872463,19.816034,1.607177,77.0
2012,14,0.001672245,9.9,17.902155,-3.2420602,8439.0,1,10.496617,18.30906,55.65472,28.379242,19.808064,1.5473014,77.0
2013,14,0.9121222,10.3,17.913746,-2.9724038,8307.0,1,10.463659,17.204586,54.86758,28.633244,19.807207,1.1476102,75.0
2014,14,0.78886926,10.1,17.922922,-0.9178139,8601.0,1,10.433485,16.722168,55.322117,29.108828,19.539013,0.91324127,78.0
2015,14,0.724628,10.2,17.921957,0.8754774,,1,10.424264,16.935467,56.418175,29.715982,19.110342,0.93186355,79.0
2016,14,1.3679323,10.2,17.92026,1.4518754,8848.0,1,10.432981,17.172747,55.374027,29.331293,19.02724,1.1363894,77.0
2017,14,0.5691699,10.2,17.91876,1.8687147,8643.0,1,10.447395,17.380566,58.704357,30.842407,18.823717,0.6907062,79.0
2002,15,0.2808517,10.9,18.663195,-0.11453832,365204.0,1,10.651104,25.030165,20.685612,11.018221,18.127132,-1.458286,72.0
2003,15,0.19730568,11.0,18.665335,1.3112013,358184.0,1,10.649958,24.464401,21.58313,11.639294,18.19336,-1.6169811,73.0
2004,15,0.15633884,11.1,18.665672,2.1702893,368416.0,1,10.662985,24.051117,23.922356,12.972033,18.10293,-1.1007359,77.0
2005,15,0.11480856,11.2,18.665766,1.6531225,367960.0,1,10.684455,24.600979,26.515493,14.012441,18.117222,-1.0374347,81.0
2006,15,-0.052907508,11.2,18.666399,1.3557534,347060.0,1,10.700851,24.717634,30.331781,15.872902,17.952902,-0.8833778,84.0
2007,15,0.47906837,11.3,18.66755,1.5374414,333498.0,1,10.714317,24.117819,33.093887,17.493317,17.945612,-0.7294798,85.0
2008,15,0.48879105,11.4,18.668034,-1.1414249,330110.0,1,10.729575,23.962288,34.39902,17.424038,18.359442,-0.9808954,82.0
2009,15,0.23371395,11.4,18.667908,-5.4045944,295315.0,1,10.718095,22.361364,24.4909,12.520914,19.63465,-0.6112726,82.0
2010,15,0.13054125,11.5,18.668087,4.1730275,290081.0,1,10.662534,21.329723,28.613008,15.0367565,19.491604,-1.8951635,82.0
2011,15,-0.013816039,11.8,18.666235,0.06976281,287580.0,1,10.703417,21.903873,30.393003,14.924996,20.187786,-1.6743258,81.0
2012,15,0.008817409,12.0,18.664639,1.6573176,287013.0,1,10.704114,22.419252,30.636124,14.544752,20.252438,-0.76155496,81.0
2013,15,0.20653658,12.2,18.663195,2.1475317,271731.0,1,10.7205515,23.328138,34.147522,15.915398,20.165764,-0.333177,84.0
2014,15,0.40722814,12.5,18.66187,0.50799936,265959.0,1,10.741799,23.964108,37.54577,17.540302,20.153032,1.7453142,84.0
2015,15,0.119654804,12.5,18.660807,1.3304008,258839.0,1,10.746867,23.79038,35.64102,17.610975,19.818027,2.1453967,86.0
2016,15,0.8312756,12.7,18.659655,0.7251464,260244.0,1,10.760083,23.317999,31.515371,16.252764,19.883919,0.26758042,86.0
2017,15,0.4201669,12.8,18.65801,2.0965517,260292.0,1,10.767308,23.83465,34.61356,17.774227,19.671711,-0.22008477,88.0
2002,16,0.8990016,10.9,17.679283,6.813311,76570.0,0,9.659336,30.385454,60.15371,30.826855,12.134766,3.060493,80.0
2003,16,1.0300936,11.0,17.684465,2.4010732,90313.0,0,9.725248,31.250181,63.392994,32.70217,12.467763,3.395062,79.0
2004,16,1.7381012,11.2,17.688429,4.4849124,105250.0,0,9.748976,31.19971,72.761086,38.295002,12.789334,2.9841037,80.0
2005,16,1.5190552,11.4,17.69055,3.703595,122188.0,0,9.792848,30.861017,71.18431,36.809666,13.282862,1.0315715,80.0
2006,16,0.9055073,11.4,17.6958,4.625217,125476.0,0,9.829214,30.740467,73.55135,37.166264,13.819208,-0.13984005,81.0
2007,16,0.78623533,11.5,17.700853,4.9319034,128701.0,0,9.874429,30.513916,77.243004,39.184677,13.928599,2.3972313,82.0
2008,16,1.1162729,11.6,17.708447,2.0513806,127114.0,0,9.92257,31.382032,99.93356,49.96141,14.644848,2.956663,79.0
2009,16,1.0002828,11.0,17.713594,0.19051726,127316.0,0,9.942877,31.318464,90.412636,47.54976,15.169299,3.5422974,83.0
2010,16,0.8677392,11.8,17.718576,5.9675193,131805.0,0,9.94478,30.500368,95.65408,49.419495,14.471457,3.1614442,81.0
2011,16,0.812748,11.8,17.726265,2.8874633,138034.0,0,10.002743,30.243195,110.00005,55.747475,14.585726,1.5846037,84.0
2012,16,0.77656555,11.9,17.731524,1.7560438,148136.0,0,10.031208,29.569489,109.8862,56.34024,14.833439,1.0435022,86.0
2013,16,0.97783023,12.0,17.736074,2.4288669,159978.0,0,10.048616,29.2623,102.770744,53.875076,15.003532,0.8533337,85.0
2014,16,0.6570805,12.1,17.742357,2.694343,164073.0,0,10.072615,29.154938,95.297226,50.275536,15.121952,0.60043806,85.0
2015,16,0.29680407,12.1,17.74763,2.2496614,167275.0,0,10.099201,29.308413,83.71212,45.33669,15.00945,2.3946588,85.0
2016,16,0.855546,12.1,17.752142,2.5216374,163424.0,0,10.1214485,29.67952,77.71283,42.284203,15.176576,1.9779686,85.0
2017,16,1.1702034,12.1,17.756435,2.7736015,159084.0,0,10.146352,31.120953,80.77922,43.090977,15.334445,2.2651777,87.0
2002,17,17.967121,10.7,13.008467,2.7374716,41.0,1,11.45842,20.961744,258.84314,141.96461,16.228146,1.6808075,73.0
2003,17,14.517909,10.9,13.020618,0.40176052,16.0,1,11.485427,20.376434,254.10106,138.90022,16.763847,2.6828165,73.0
2004,17,14.93326,11.1,13.034832,2.1499195,23.0,1,11.489436,20.344507,281.2084,153.03574,17.015095,2.9549437,74.0
2005,17,12.436663,11.3,13.050133,1.6058633,24.0,1,11.510708,19.103392,297.77298,161.6764,17.14717,4.195702,74.0
2006,17,75.96384,11.5,13.066083,3.5141432,26.0,1,11.526639,17.611528,320.59827,176.24689,15.860087,7.0355167,75.0
2007,17,-58.32288,11.7,13.081527,6.6939955,15.0,1,11.561177,18.41659,332.50485,182.888,15.217404,1.4901363,75.0
2008,17,12.743336,11.7,13.099401,-3.028532,48.0,1,11.625972,20.267607,343.56183,187.11188,15.733976,3.8837159,77.0
2009,17,53.055996,11.8,13.11792,-6.1133733,60.0,1,11.595218,18.405466,295.9728,164.0695,17.46469,1.3980176,76.0
2010,17,73.53262,11.8,13.136173,2.9681225,79.0,1,11.532136,17.608171,316.1614,174.52309,17.035297,3.6167226,76.0
2011,17,14.737457,11.8,13.158401,0.28527752,85.0,1,11.561385,19.178793,323.44962,177.98965,16.691172,4.773591,74.0
2012,17,44.986412,11.8,13.182416,-2.7170885,109.0,1,11.564234,20.163055,341.86203,186.4443,17.407875,2.5564966,74.0
2013,17,25.920681,11.8,13.205527,1.2862067,113.0,1,11.536687,19.512747,349.24194,190.62859,17.296692,1.6959229,74.0
2014,17,28.542208,12.0,13.229097,1.8672773,128.0,1,11.549467,19.9673,392.80417,212.6071,16.740791,2.736137,75.0
2015,17,21.637976,12.0,13.252697,1.8736706,128.0,1,11.567967,18.21061,408.362,221.19658,16.504366,0.18403494,74.0
2016,17,52.524693,12.1,13.27425,2.3448071,143.0,1,11.586531,18.137547,390.6625,213.03569,15.917087,0.7706902,75.0
2017,17,-10.618792,12.1,13.298559,-0.64374286,156.0,1,11.609709,18.760159,400.07947,217.62135,16.427818,1.7164283,75.0
2002,18,3.1155195,7.0,18.437387,-1.4029323,526.0,0,9.114716,19.269424,46.697914,22.55249,10.377716,5.503366,31.0
2003,18,2.4986434,7.1,18.451025,0.07226232,468.0,0,9.100587,19.777903,50.20569,24.360441,11.033791,4.0394554,33.0
2004,18,3.1852162,7.4,18.46484,2.494833,565.0,0,9.10131,20.47646,58.42432,28.414387,10.487289,7.961711,33.0
2005,18,2.965113,7.6,18.478998,0.8695158,584.0,0,9.125952,20.703707,62.359123,30.377792,10.521707,5.8739214,36.0
2006,18,2.1201918,8.0,18.49356,2.9844384,574.0,0,9.134609,21.543339,56.092724,27.325161,10.344423,6.3892226,33.0
2007,18,3.14266,8.0,18.50842,0.7825681,629.0,0,9.164017,21.941906,56.79528,27.527235,10.405381,5.789061,40.0
2008,18,2.903434,8.0,18.523375,-0.357633,685.0,0,9.171812,23.16439,57.77703,27.701496,10.729519,6.172512,39.0
2009,18,2.140339,8.2,18.538143,-6.674167,822.0,0,9.16823,22.126474,55.96777,27.154999,11.916964,3.9476628,38.0
2010,18,1.9752958,8.0,18.552525,3.6171894,951.0,0,9.099156,21.5827,60.76032,29.697664,11.771363,4.545151,40.0
2011,18,2.092377,8.4,18.566473,2.227161,1065.0,0,9.134689,22.273914,63.469677,31.036707,11.777083,5.842873,39.0
2012,18,1.473415,8.6,18.580025,2.2471452,1294.0,0,9.156716,22.840437,65.76724,32.265568,11.946734,4.065927,40.0
2013,18,3.7032628,8.4,18.59318,0.029449416,1210.0,0,9.17894,21.252464,63.764877,31.305653,12.191387,1.5297308,42.0
2014,18,2.4485767,8.4,18.605957,1.4991889,1246.0,0,9.179234,21.015154,64.96358,31.892544,12.202265,4.4233418,39.0
2015,18,3.1736743,8.6,18.61837,2.0139272,1364.0,0,9.194115,22.521528,71.16631,34.56333,12.330907,2.787393,39.0
2016,18,3.3761358,8.6,18.630402,1.6796939,1310.0,0,9.214053,22.92683,76.10027,37.06297,12.016954,5.3777742,41.0
2017,18,2.8456426,8.6,18.642042,0.9363516,1334.0,0,9.230711,22.128567,77.19414,37.689842,11.628406,6.657226,40.0
2002,19,5.403793,11.1,16.597364,-0.42036778,2122.0,1,10.761268,21.083456,113.4574,60.148422,22.123093,3.7705414,80.0
2003,19,3.534332,11.3,16.602083,-0.31578967,2288.0,1,10.757055,20.599442,111.920006,59.28414,22.900879,2.170279,83.0
2004,19,21.291348,11.5,16.605556,1.631188,2187.0,1,10.753893,20.292242,117.60863,62.674244,22.507492,1.2040406,84.0
2005,19,30.63656,11.6,16.607893,1.8126992,2217.0,1,10.770073,20.413408,122.806656,65.63209,22.279686,1.98874,80.0
2006,19,51.20484,11.8,16.6095,3.2949498,2168.0,1,10.788037,21.040945,127.77215,68.18112,23.189108,2.5611064,79.0
2007,19,86.58909,12.0,16.611675,3.5473595,2079.0,1,10.820456,23.293442,130.45787,68.77546,23.234491,2.0722058,82.0
2008,19,20.62559,12.0,16.615568,1.7733566,2421.0,1,10.855314,22.117033,131.05989,69.79363,23.493738,2.3063257,77.0
2009,19,11.041794,11.9,16.62071,-4.1610384,2575.0,1,10.872892,21.305866,116.88955,62.237015,25.997612,0.22070171,82.0
2010,19,13.673451,12.0,16.62584,0.82425994,2527.0,1,10.830392,19.696583,131.52208,69.80367,26.243338,0.94041365,81.0
2011,19,36.730026,12.0,16.630505,1.0786282,2585.0,1,10.838601,20.137339,142.47177,75.50307,25.78668,0.19365215,76.0
2012,19,28.567,12.0,16.634205,-1.3959193,2375.0,1,10.849329,18.761314,149.26842,79.50337,26.026623,1.4461095,72.0
2013,19,37.480736,12.1,16.637154,-0.42417863,2315.0,1,10.835272,18.356365,149.54933,79.88048,25.788877,1.279987,71.0
2014,19,13.201994,12.1,16.64075,1.0591012,2294.0,1,10.831021,17.591578,150.05376,80.57791,25.68125,0.25318572,70.0
2015,19,41.918762,12.1,16.645184,1.5082662,2207.0,1,10.841557,22.105976,157.81657,82.6589,24.978552,0.772728,70.0
2016,19,30.842375,12.1,16.650505,1.6493156,2290.0,1,10.856526,20.001074,148.85866,79.535164,24.683449,0.4546673,71.0
2017,19,11.571828,12.2,16.656418,2.3042848,2241.0,1,10.872885,20.141003,156.02821,83.39177,24.316463,1.2607071,70.0
2002,20,1.005536,11.4,18.794353,5.182786,23712.0,0,8.83217,17.905914,59.645447,35.212593,17.934536,15.661906,33.0
2003,20,1.8423774,11.4,18.789816,7.7878995,24969.0,0,8.882699,18.415028,59.12827,35.24998,17.916098,13.657137,38.0
2004,20,2.6061852,11.4,18.78579,7.6324196,22985.0,0,8.957694,18.3853,56.581852,34.417892,16.971678,20.25515,36.0
2005,20,2.029804,11.4,18.781975,6.8066287,23644.0,0,9.031245,17.755398,56.71325,35.203068,16.871538,19.279432,38.0
2006,20,3.797718,11.4,18.778702,8.554808,27884.0,0,9.0970955,18.50341,54.733402,33.730476,17.388138,15.120407,47.0
2007,20,4.2989483,11.4,18.77699,8.685698,27505.0,0,9.17918,20.995255,51.706123,30.16406,17.297535,13.841239,49.0
2008,20,4.502699,11.4,18.776552,5.2462068,27712.0,0,9.26247,22.29046,53.382465,31.30956,17.830576,18.013517,44.0
2009,20,2.9921296,11.5,18.776854,-7.827755,25598.0,0,9.313602,21.995134,48.435062,27.9381,20.786596,1.9706126,56.0
2010,20,2.8308272,11.5,18.777302,4.453103,28722.0,0,9.232092,21.625383,50.355507,29.21556,18.725056,14.19111,51.0
2011,20,2.68483,11.6,18.778082,4.218741,26495.0,0,9.27566,21.48715,47.9011,27.976923,17.46343,24.809032,54.000004
2012,20,2.2887638,11.7,18.779764,3.525675,28701.0,0,9.316981,21.54983,47.10955,26.883446,17.83349,9.039482,49.0
2013,20,3.0132797,11.8,18.781895,1.5834745,28765.0,0,9.351631,21.77595,46.193356,25.792965,18.530258,5.3941736,48.0
2014,20,1.0694908,11.9,18.784071,-1.0809671,24072.0,0,9.367341,21.648657,47.78412,27.10133,17.927488,7.3495975,47.0
2015,20,0.50256664,12.0,18.785995,-2.5181544,29269.0,0,9.356473,20.850767,49.350555,28.707262,17.671608,7.587662,46.0
2016,20,2.5367033,12.0,18.787699,0.1455908,26795.0,0,9.330969,21.985323,46.302353,25.737144,18.285933,3.174226,52.0
2017,20,1.8090082,12.0,18.788767,1.5151644,22777.0,0,9.332424,22.335287,46.76077,26.052061,18.077044,5.359352,48.0
2002,21,-0.32389987,7.0,16.897665,-5.5051284,61.0,0,9.779573,18.011534,64.59278,40.94879,25.950949,5.9568744,33.0
2003,21,-0.27177286,7.1,16.927097,8.01558,56.0,0,9.722949,18.299978,69.8312,45.854164,24.48452,2.3165586,44.0
2004,21,-0.12920973,7.5,16.956757,4.8034477,81.0,0,9.800055,19.156519,75.08284,50.985332,22.859104,11.056428,45.0
2005,21,3.6830506,7.6,16.985876,2.5439847,119.0,0,9.846971,19.312368,81.95408,57.050743,21.340282,20.14964,47.0
2006,21,4.853586,7.8,17.014114,-0.0736215,119.0,0,9.872092,20.452162,89.9446,59.83191,22.039248,11.5723915,48.0
2007,21,5.8463063,8.1,17.041742,-0.9282313,128.0,0,9.871356,23.651579,94.86332,59.93744,20.662075,8.435381,51.0
2008,21,7.5906324,8.3,17.069311,3.3606997,,0,9.86203,22.803745,96.10263,62.111504,17.704252,17.68983,47.0
2009,21,8.496352,8.6,17.09756,-4.787315,,0,9.895085,25.756504,84.858345,47.08862,22.186996,-15.71323,54.000004
2010,21,5.5343256,8.9,17.126837,2.008917,288.0,0,9.846028,24.43088,82.54983,49.56979,20.202818,17.191292,45.0
2011,21,2.4295793,9.1,17.15723,6.703982,347.0,0,9.865918,22.596746,85.54352,56.04924,19.389502,15.52939,48.0
2012,21,1.6552703,9.4,17.188143,2.202655,,0,9.930806,22.27995,83.51179,54.27084,19.970919,4.0155153,51.0
2013,21,1.1872668,9.5,17.218456,-0.36721793,491.0,0,9.952594,23.659739,82.709045,51.917957,22.447802,-1.2163346,49.0
2014,21,1.0592693,9.5,17.246817,0.7542348,652.0,0,9.948915,25.182453,80.64047,46.87529,26.060438,-2.269998,54.000004
2015,21,1.2442918,9.5,17.272385,1.4783722,715.0,0,9.956429,29.852402,72.075,33.32117,30.003479,-16.908525,56.0
2016,21,1.155547,9.5,17.294983,-0.6011293,1070.0,0,9.971105,26.12511,61.86204,31.144209,25.827168,-3.0464141,52.999996
2017,21,0.20605172,9.5,17.315018,-2.7104552,909.0,0,9.965075,24.484268,64.19518,34.85306,24.4357,7.5658135,46.0
2002,22,6.6537104,9.5,15.244852,2.9706228,624.0,0,10.391994,26.751423,349.746,184.08612,11.840329,-0.8886322,76.0
2003,22,17.462585,9.8,15.230107,6.088642,626.0,0,10.421268,24.766294,377.21857,202.58621,11.414084,-1.7873546,75.0
2004,22,21.202372,10.2,15.242626,8.453248,641.0,0,10.480373,24.281424,401.5237,213.95169,10.31867,4.0735564,73.0
2005,22,15.113386,10.5,15.266131,4.8649764,569.0,0,10.561522,23.187996,420.4305,225.15967,9.897143,1.9074343,71.0
2006,22,26.326605,10.1,15.297425,5.646814,626.0,0,10.609025,23.086712,425.3634,228.03761,9.906936,1.8456575,71.0
2007,22,26.161955,10.2,15.339086,4.573559,696.0,0,10.663957,24.375683,394.28848,212.77939,9.136127,5.9162445,74.0
2008,22,7.0234795,10.5,15.392301,-3.4110088,793.0,0,10.708677,27.97892,437.32672,228.99377,10.113214,-1.3861336,80.0
2009,22,12.07097,10.5,15.42246,-2.8535151,750.0,0,10.673972,28.83746,358.1928,190.84494,9.929974,2.9610708,72.0
2010,22,23.069336,11.2,15.440178,12.514315,895.0,0,10.645021,25.569721,369.68555,197.99896,9.691568,1.1026026,71.0
2011,22,17.596367,11.2,15.461027,4.0697384,1056.0,0,10.762932,25.264915,379.09863,203.32771,9.236843,1.1257325,71.0
2012,22,18.743885,11.3,15.485561,1.9179455,1081.0,0,10.802823,26.429989,369.21295,196.71962,8.857867,0.48205066,70.0
2013,22,20.93448,11.4,15.501755,3.1314347,1143.0,0,10.821821,27.548216,367.04178,195.07779,9.744218,-0.42860287,71.0
2014,22,21.81935,11.4,15.514739,2.5602071,1303.0,0,10.852654,28.12821,360.46732,191.95354,9.631032,-0.23370565,70.0
2015,22,22.65377,11.5,15.526603,1.6790189,1469.0,0,10.877934,27.222271,329.4714,178.38461,10.190908,3.156402,71.0
2016,22,23.124786,11.5,15.539577,1.6350856,1601.0,0,10.894586,26.259457,304.47845,165.55544,10.3401,0.7852741,72.0
2017,22,28.016947,11.5,15.5404625,3.607949,1609.0,0,10.910804,26.196781,317.83267,171.42085,10.427376,2.5537472,75.0
2002,23,1.2814118,8.5,17.647427,2.3979425,983.0,0,8.7023735,15.150275,59.764637,31.780836,18.805191,12.205284,50.0
2003,23,0.44685033,8.8,17.659666,1.696827,922.0,0,8.72607,15.981478,51.401833,26.885061,19.057888,5.793571,44.0
2004,23,0.30684716,8.8,17.671843,3.2890325,956.0,0,8.742896,16.45999,51.078033,25.467096,19.157564,6.527026,47.0
2005,23,2.530174,8.9,17.684221,3.9820175,1003.0,0,8.775257,17.246443,53.149117,26.446665,19.47819,5.4491034,51.0
2006,23,0.22945635,9.0,17.696857,4.2777834,866.0,0,8.814304,18.924921,60.277264,29.273893,18.153528,6.255249,52.0
2007,23,2.1998835,9.1,17.709772,4.0085006,915.0,0,8.856193,20.64696,63.683086,31.173851,17.814014,8.849399,55.0
2008,23,3.4470158,9.7,17.723114,1.8234875,860.0,0,8.895495,23.511278,72.86539,35.622437,18.657925,8.831509,56.0
2009,23,2.576394,10.1,17.737028,-2.898731,822.0,0,8.913566,21.511543,55.418262,27.911888,19.864481,7.504521,58.999996
2010,23,0.98395556,10.0,17.751581,1.5510725,821.0,0,8.8841505,19.26599,55.988987,28.615232,20.229637,6.3510385,58.999996
2011,23,0.9940205,9.9,17.766834,1.7207143,656.0,0,8.899542,19.116385,60.11263,30.460941,19.86224,6.532231,56.0
2012,23,1.1672086,9.8,17.782665,0.6079491,608.0,0,8.916603,19.227789,60.8997,29.723879,20.259928,5.2827716,56.0
2013,23,2.2442365,9.9,17.798723,0.8526848,638.0,0,8.922664,20.373974,64.24176,30.97134,20.57498,6.155257,57.0
2014,23,1.650494,10.0,17.814554,0.24727881,802.0,0,8.931154,20.391024,64.4345,31.468645,20.795677,5.547005,58.999996
2015,23,0.4789174,10.1,17.829844,-0.34167725,889.0,0,8.933624,20.3111,61.617073,30.15289,20.454388,5.170614,60.000004
2016,23,0.7475123,10.1,17.844492,-1.0608683,704.0,0,8.930202,19.420517,60.638187,30.580929,20.791983,7.2063465,62.0
2017,23,0.58891594,10.1,17.85857,-0.003138954,728.0,0,8.919537,18.764547,57.973896,29.62767,20.799002,5.267458,63.0
2002,24,5.5798163,8.5,17.539553,1.29005,2763.0,1,10.28609,26.155758,55.09918,26.553995,16.62433,4.0846,83.0
2003,24,3.395381,8.6,17.557638,1.1362532,2813.0,1,10.298907,27.098618,53.463688,25.628906,16.776606,3.933545,84.0
2004,24,2.367946,8.6,17.574892,1.3587093,2871.0,1,10.310206,27.807623,54.52418,25.411985,17.168915,3.8821628,86.0
2005,24,2.3418114,8.9,17.591785,1.9156958,3040.0,1,10.323702,29.01159,54.7623,24.979269,17.331621,4.1010437,87.0
2006,24,2.6146822,9.0,17.60869,2.3578131,3111.0,1,10.342677,30.027306,56.177135,25.241302,17.36033,3.9795854,91.0
2007,24,4.6347547,9.1,17.627201,1.704522,3267.0,1,10.365982,29.862236,57.747604,25.98474,17.705633,3.4164472,91.0
2008,24,4.5586696,9.2,17.643154,-0.7095679,3632.0,1,10.382883,27.836466,55.98333,25.62393,18.8231,2.254248,86.0
2009,24,0.64283246,9.3,17.652012,-4.6118717,3596.0,1,10.375763,23.113222,46.994873,23.061695,20.639694,0.1439053,89.0
2010,24,2.5768123,9.4,17.656614,-0.2970886,3566.0,1,10.328547,21.788948,52.92824,25.95168,20.632902,0.15338868,86.0
2011,24,1.8144797,9.5,17.660168,-1.1661927,3430.0,1,10.325571,20.021753,58.79317,29.534962,20.67171,-0.019750748,85.0
2012,24,1.5736837,9.5,17.660818,-3.0224254,3266.0,1,10.313841,18.52761,60.84537,31.455273,19.976936,-0.11455774,82.0
2013,24,3.4968064,9.5,17.657541,-1.1118989,3026.0,1,10.283151,17.370544,61.9963,32.962578,19.880669,0.39843956,84.0
2014,24,2.4056728,9.7,17.654552,1.6874497,2953.0,1,10.271969,17.77974,63.86561,33.482567,19.636335,-0.22336848,89.0
2015,24,1.927596,9.7,17.653776,3.9157684,2799.0,1,10.288703,18.014458,64.21264,33.62652,19.47958,0.545556,89.0
2016,24,3.5917702,9.8,17.65461,2.9443486,2745.0,1,10.327113,17.960209,63.772625,33.88009,19.058212,0.3228988,88.0
2017,24,1.9077684,9.8,17.656965,2.6506793,2167.0,1,10.356132,18.662716,66.77758,35.17839,18.619167,1.3811208,86.0
2002,25,2.7397459,11.7,15.801294,-0.5922273,1827.0,1,11.131145,24.549759,91.15308,48.93701,12.0632,-0.2536478,10.0
2003,25,5.5880537,11.8,15.808713,-0.69989765,1831.0,1,11.125205,23.883173,89.529976,48.108482,12.246455,1.1268945,11.0
2004,25,1.8018625,11.9,15.815588,2.0722086,1742.0,1,11.118181,24.442055,93.99247,51.470993,12.006337,0.34354457,12.0
2005,25,0.65206265,12.0,15.821994,2.4567556,1643.0,1,11.138692,24.38749,100.32981,53.79047,11.822565,0.69014114,13.0
2006,25,12.475779,12.3,15.828269,3.3381763,1740.0,1,11.162962,24.286695,104.51784,56.49117,11.313621,2.0956953,14.0
2007,25,10.1452265,12.6,15.837206,3.1854756,1692.0,1,11.195799,24.383495,111.31077,61.303593,10.909267,2.414838,15.000001
2008,25,0.53952634,12.9,15.849913,0.86495894,1594.0,1,11.227157,24.059507,114.77941,62.661175,11.043443,2.0271459,16.0
2009,25,8.801111,13.3,15.862407,-3.4362307,1684.0,1,11.235769,22.6695,106.93021,57.230476,11.77634,0.36182755,15.000001
2010,25,3.0269337,13.3,15.872823,1.9355321,1622.0,1,11.200803,22.827618,117.25209,63.965622,11.60209,0.31720278,16.0
2011,25,2.9681377,13.3,15.883942,0.5683147,1597.0,1,11.219974,23.407415,122.49619,65.465515,11.681364,0.3422506,16.0
2012,25,5.979176,13.4,15.89456,-0.060750328,1480.0,1,11.22564,23.82766,123.68239,67.03362,11.85886,-0.17407295,16.0
2013,25,-3.6203794,13.4,15.906058,0.68756735,1525.0,1,11.225033,23.598406,131.79654,71.92494,11.931751,0.025327073,17.0
2014,25,2.9615932,13.4,15.91826,1.2067877,1480.0,1,11.231885,23.87644,116.860176,64.27374,11.970933,-0.6254292,18.0
2015,25,16.828775,13.4,15.929643,0.1864135,1477.0,1,11.24388,23.782385,112.73018,62.216137,11.933068,-0.62627316,17.0
2016,25,10.784131,13.4,15.940563,0.6178494,1462.0,1,11.245743,23.918905,119.972275,65.744286,11.997933,-0.6047178,16.0
2017,25,10.043118,13.4,15.949895,0.8539474,1337.0,1,11.251903,24.424417,119.50796,65.03262,12.030082,-0.5740372,16.0
2002,26,0.4538055,5.7,17.992132,4.8731265,414.0,0,8.940047,19.611105,47.46054,24.460695,12.933919,37.57443,40.0
2003,26,0.54582244,5.8,18.00652,4.0997243,489.0,0,8.987629,20.848328,45.60147,22.243134,12.702239,23.320044,42.0
2004,26,0.6880166,5.9,18.020367,8.136504,682.0,0,9.027807,25.416088,48.119682,22.75048,12.439613,12.446888,41.0
2005,26,2.0005333,6.0,18.033598,7.5770025,928.0,0,9.106031,26.650818,45.43714,21.017782,12.304866,7.104863,43.0
2006,26,3.6534803,6.1,18.046087,5.7803645,1072.0,0,9.179069,28.68788,48.151108,21.650417,13.014317,9.371704,43.0
2007,26,3.2625,6.2,18.058014,3.7851024,1810.0,0,9.235263,28.099247,47.289585,21.220224,13.499999,6.216642,46.0
2008,26,2.5971575,6.3,18.069967,-0.35305217,2221.0,0,9.272415,26.847815,49.906322,22.826258,13.705273,12.037336,45.0
2009,26,1.3317512,6.5,18.082706,-5.9107285,2555.0,0,9.268879,22.374706,45.932476,22.573673,15.770384,5.401803,48.0
2010,26,1.178777,6.7,18.096708,6.979032,3180.0,0,9.2079525,24.868128,45.899216,20.448809,14.972658,7.012658,49.0
2011,26,1.9437284,7.2,18.112032,9.423771,3885.0,0,9.275415,28.066677,52.66294,22.262407,13.702278,8.188568,48.0
2012,26,1.572572,7.5,18.12836,3.0926602,4434.0,0,9.365473,27.319832,52.245308,23.667366,14.23238,7.418218,49.0
2013,26,1.426814,7.7,18.145304,6.6687293,4392.0,0,9.395931,28.524395,50.350323,22.272255,14.124618,6.268814,51.0
2014,26,1.4276601,7.6,18.162323,3.3919284,4766.0,0,9.460489,28.894709,51.414104,23.764336,14.091517,7.4216776,52.0
2015,26,2.2416923,7.8,18.178984,4.3330827,5352.0,0,9.493846,29.708918,49.299866,23.34593,13.877744,7.826942,51.0
2016,26,1.6151037,8.0,18.195307,1.5132836,6230.0,0,9.536264,29.313942,46.815647,21.965082,14.835071,8.098262,50.0
2017,26,1.3540887,8.0,18.211216,5.7744727,8175.0,0,9.551284,30.07911,54.05831,24.773794,14.486833,10.959704,52.0
2002,27,5.0300865,11.9,17.899307,1.8920898,20624.0,1,10.507607,17.898943,50.79863,24.111437,18.190897,2.1129723,82.0
2003,27,1.7540629,12.0,17.903965,2.8065517,20426.0,1,10.526351,17.460878,49.915703,23.856636,18.861145,2.2562177,85.0
2004,27,3.6020722,12.1,17.909653,1.7931557,19178.0,1,10.55403,17.29249,49.97394,23.7127,19.491974,2.5480866,86.0
2005,27,9.952156,12.2,17.91652,2.4737117,17833.0,1,10.571803,17.39508,52.349754,24.973608,19.69907,2.508582,87.0
2006,27,7.5038767,12.4,17.92387,2.0355504,17484.0,1,10.596239,17.730213,56.255955,27.101076,19.816086,2.7672913,90.0
2007,27,6.7566237,12.6,17.931656,1.6360584,17375.0,1,10.61639,18.045761,52.459026,25.239754,19.644268,2.5847194,94.0
2008,27,8.672014,12.8,17.939528,-1.0628932,16523.0,1,10.632618,17.440254,56.130108,26.98941,20.446924,2.877284,88.0
2009,27,0.6033867,13.1,17.94709,-4.9693503,15985.0,1,10.621932,15.909595,54.35184,26.373077,22.029152,1.6532804,89.0
2010,27,2.6960793,13.2,17.95493,1.1534749,15490.0,1,10.570962,15.805152,58.54649,28.275072,21.65854,1.5334613,84.0
2011,27,1.0157541,13.0,17.962748,0.7496972,15343.0,1,10.58243,15.41297,62.304855,30.700018,20.969173,2.040144,84.0
2012,27,1.7283819,12.9,17.9697,0.7757347,15370.0,1,10.589899,15.501474,61.122417,29.975103,20.777472,1.6617908,83.0
2013,27,1.9552307,12.6,17.976395,1.4577018,14972.0,1,10.597627,15.687256,61.181835,29.9526,20.124022,1.895596,85.0
2014,27,1.9221354,12.7,17.983929,1.8545846,15196.0,1,10.612099,16.364817,58.39839,28.502054,19.829546,1.8258425,85.0
2015,27,1.5479622,12.8,17.991879,1.5476971,14867.0,1,10.630474,16.934826,56.683098,27.651423,19.493755,0.5810081,84.0
2016,27,12.055645,12.9,17.999018,1.1486629,13876.0,1,10.645833,17.223635,58.498287,28.439238,19.11932,2.140283,83.0
2017,27,4.5477934,12.9,18.006056,1.2021943,13301.0,1,10.657254,17.23636,61.945137,30.366125,18.664534,1.8901898,85.0
2002,28,1.0154604,12.7,19.477169,0.8021039,184245.0,1,10.708368,21.525501,22.154272,9.132249,15.041862,1.581763,86.0
2003,28,1.022024,12.8,19.485764,1.9809258,188941.0,1,10.716357,21.61922,22.4771,9.04307,15.246542,1.8570952,87.0
2004,28,1.7491874,12.8,19.495018,2.8426807,189536.0,1,10.735973,22.134018,24.352407,9.641863,15.16888,2.692212,87.0
2005,28,1.0918764,12.8,19.504236,2.5635023,207867.0,1,10.764003,22.939138,25.555994,10.011973,15.055298,3.1149423,86.0
2006,28,2.160488,12.8,19.513878,1.8679556,221784.0,1,10.789315,23.039793,26.900148,10.659822,15.008319,3.0262046,87.0
2007,28,2.3983974,12.9,19.523388,0.9118656,241347.0,1,10.807822,22.357567,27.955803,11.492314,15.214797,2.6862788,87.0
2008,28,2.3183281,13.2,19.532846,-1.0767001,231588.0,1,10.8169,21.317768,29.886799,12.486063,15.98871,1.9451318,84.0
2009,28,1.1148436,13.2,19.541615,-3.3874357,224912.0,1,10.806074,18.848063,24.641563,10.948877,16.822023,0.76234996,87.0
2010,28,1.7611932,13.2,19.549906,1.7182013,241977.0,1,10.771613,18.383467,28.057953,12.315058,16.743158,1.1652505,87.0
2011,28,1.6953233,13.3,19.557167,0.82227755,247750.0,1,10.788649,18.80588,30.789293,13.530539,16.16047,2.0889037,86.0
2012,28,1.5456251,13.3,19.564503,1.5086142,268782.0,1,10.796838,19.581228,30.568184,13.528919,15.533604,1.9178491,87.0
2013,28,1.7166135,13.2,19.571436,1.1450533,287831.0,1,10.811811,19.79098,30.013008,13.544524,15.085069,1.7549157,87.0
2014,28,1.4373909,13.3,19.578777,1.7093215,285096.0,1,10.823197,20.333475,29.968851,13.535774,14.641337,1.8918912,88.0
2015,28,2.7942185,13.3,19.58615,2.1319597,288335.0,1,10.840146,20.37526,27.736773,12.441753,14.359747,1.0693417,89.0
2016,28,2.6430428,13.4,19.593384,0.8419161,295327.0,1,10.861241,20.242867,26.514,11.870352,14.280195,1.0935254,88.0
2017,28,1.8200761,13.4,19.599789,1.5740436,293904.0,1,10.869625,20.504055,27.14232,12.094833,14.150158,1.9007776,88.0
